{
    "loss": 0.36367690563201904,
    "accuracy": 0.8965517282485962
}