{
    "loss": 0.32003605365753174,
    "accuracy": 0.931034505367279
}